chroma_stft,rmse,spectral_centroid,spectral_bandwidth,rolloff,zero_crossing_rate,mfcc1,mfcc2,mfcc3,mfcc4,mfcc5,mfcc6,mfcc7,mfcc8,mfcc9,mfcc10,mfcc11,mfcc12,mfcc13,mfcc14,mfcc15,mfcc16,mfcc17,mfcc18,mfcc19,mfcc20,label
0.5202020406723022,0.04584910720586777,1613.2072681070717,1412.4199469367506,2908.0291748046875,0.10701949508101852,-377.0086669921875,110.92828369140625,-31.870615005493164,6.640702247619629,-0.8315144181251526,-4.451609134674072,-0.19622337818145752,-3.7763402462005615,-5.1953959465026855,-0.6767085194587708,-0.6668374538421631,-7.442677021026611,-1.042070746421814,-0.21167783439159393,-3.513028860092163,-1.7552833557128906,-3.0297434329986572,-2.8737521171569824,-2.084186315536499,-4.006258487701416,not_covid
0.5359196662902832,0.0017672044923529029,2892.900309995463,2467.7000444953173,5074.2095947265625,0.14858443648726852,-519.298095703125,60.83320999145508,-13.686948776245117,52.1064453125,0.023676836863160133,-2.5801544189453125,16.066410064697266,-1.5136064291000366,4.108321666717529,11.038372993469238,-0.14322993159294128,-0.8972687721252441,7.246153831481934,-1.711321473121643,3.879873752593994,3.637301445007324,3.026381015777588,2.4391050338745117,2.7785067558288574,2.209200382232666,not_covid
0.4957010746002197,0.0334421843290329,3429.3454928688257,2788.6247365342106,6887.833658854167,0.2253146701388889,-282.546630859375,48.55093002319336,-15.530037879943848,12.706839561462402,4.197268009185791,-7.582499027252197,-19.33932876586914,-12.06280517578125,-16.914817810058594,13.680665016174316,0.8189352750778198,-6.072834491729736,-4.1813578605651855,0.9958034753799438,-0.5268773436546326,0.5449484586715698,-8.846841812133789,-2.9093174934387207,-1.1150060892105103,-5.921740531921387,not_covid
0.40794485807418823,0.013446356169879436,2710.6148364541123,2664.1729916584786,5778.3253987630205,0.14207628038194445,-346.92584228515625,75.7743148803711,-7.64013671875,11.369929313659668,11.364983558654785,1.8391443490982056,-7.959600448608398,-4.2627482414245605,-8.286301612854004,3.099557876586914,-2.837599754333496,5.065131187438965,-0.2843274772167206,0.9862598776817322,-2.4534199237823486,3.6917221546173096,2.3170957565307617,-2.0618882179260254,-4.779806613922119,-0.5130339860916138,not_covid
0.4139319062232971,0.059002503752708435,1545.1066442218269,1403.0700201306724,2853.6844004755435,0.1302437160326087,-340.6597595214844,104.258056640625,-32.32951736450195,-13.514756202697754,-3.1296095848083496,0.6112062335014343,-21.909948348999023,-17.68488311767578,-9.365645408630371,-5.411557197570801,-5.478337287902832,-8.156580924987793,0.8513744473457336,-5.614543437957764,-6.410961627960205,-0.9980224370956421,-1.8922128677368164,-2.4418869018554688,-3.758769989013672,-3.4923064708709717,covid
0.41112542152404785,0.06251846998929977,2568.055370120989,2120.7858469090215,4942.667643229167,0.19444670500578703,-341.9399719238281,48.369781494140625,-20.581544876098633,18.130706787109375,-16.181291580200195,26.654701232910156,-12.134271621704102,-15.391576766967773,-22.64920997619629,-10.553547859191895,-14.655623435974121,-13.17125415802002,-4.308652400970459,-12.13412094116211,-5.934215545654297,-9.484455108642578,-5.7836995124816895,-12.544062614440918,-14.754064559936523,-5.850820064544678,covid
0.4413381814956665,0.007605290971696377,2037.479020570666,2327.904940406571,4873.993716032609,0.08228600543478261,-358.4219665527344,110.15484619140625,-9.030425071716309,20.78184700012207,-17.06517791748047,21.1097354888916,-24.99085807800293,-6.3965067863464355,-11.291680335998535,-8.644540786743164,-11.399580001831055,-3.7033023834228516,-16.60492706298828,-4.377206325531006,-11.222031593322754,4.311272144317627,-15.423042297363281,-3.2103426456451416,-19.045473098754883,-4.366322994232178,covid
0.42198264598846436,0.03015718050301075,1834.686308577412,1825.5413652407135,3747.37548828125,0.109130859375,-436.97344970703125,57.273162841796875,-3.1057393550872803,9.51866340637207,-7.685440540313721,0.9128367304801941,-10.634824752807617,-7.915291786193848,-12.53258228302002,-2.9522273540496826,2.4074463844299316,-6.689238548278809,-3.5944275856018066,-6.063733100891113,0.21978223323822021,-4.865340232849121,-6.625095844268799,-4.521559715270996,-5.509893894195557,-5.99574613571167,covid
0.47391292452812195,0.07059329003095627,3029.8479946599114,1765.941227926349,4960.664993903541,0.3150232568641618,-367.4921569824219,27.239423751831055,-84.4905014038086,39.251731872558594,-19.60834312438965,18.488025665283203,-3.425346612930298,7.952758312225342,-10.133781433105469,-7.8166279792785645,2.0585339069366455,-17.144697189331055,6.450441360473633,-12.547792434692383,-4.876089572906494,-4.545379638671875,-9.70317268371582,-7.4929094314575195,-3.640456438064575,0.10029745101928711,covid
0.4139319062232971,0.059002503752708435,1545.1066442218269,1403.0700201306724,2853.6844004755435,0.1302437160326087,-340.6597595214844,104.258056640625,-32.32951736450195,-13.514756202697754,-3.1296095848083496,0.6112062335014343,-21.909948348999023,-17.68488311767578,-9.365645408630371,-5.411557197570801,-5.478337287902832,-8.156580924987793,0.8513744473457336,-5.614543437957764,-6.410961627960205,-0.9980224370956421,-1.8922128677368164,-2.4418869018554688,-3.758769989013672,-3.4923064708709717,covid
0.30934688448905945,0.026950880885124207,1802.5921939809286,1608.2391154913469,3418.645222981771,0.12133563006365741,-357.120361328125,101.64442443847656,-28.6624755859375,-0.15721243619918823,-14.660103797912598,6.498892307281494,-12.92730712890625,-4.549655437469482,-7.547449111938477,-10.652015686035156,-3.452711343765259,-4.595036506652832,10.633995056152344,0.8346971869468689,-5.2268290519714355,-3.4902801513671875,-5.2735066413879395,-4.682027339935303,-13.165672302246094,-6.136656761169434,covid
0.37006130814552307,0.09021439403295517,2067.7341136489986,1910.8889133811233,4117.4774169921875,0.12159559461805555,-303.7886657714844,66.27171325683594,-13.176860809326172,15.73741340637207,-23.56529426574707,18.59473991394043,-14.98202133178711,-8.259159088134766,-20.265499114990234,-19.106321334838867,-24.977121353149414,-15.457268714904785,1.783784031867981,-11.547718048095703,-5.536693572998047,-7.409560680389404,-15.62674331665039,-8.798731803894043,-4.09334659576416,-11.240788459777832,covid
0.33472105860710144,0.02578769437968731,2371.578941597124,1825.3451060974255,4165.3289794921875,0.1951633029513889,-462.0241394042969,64.60558319091797,0.11515921354293823,10.268006324768066,-8.097128868103027,7.458667755126953,-25.427236557006836,-9.214042663574219,-11.277843475341797,-8.240188598632812,1.3169957399368286,-14.072037696838379,-5.957864284515381,-7.450628280639648,-1.6861650943756104,-8.012431144714355,-4.841903209686279,0.49709105491638184,-2.278006076812744,-2.6672496795654297,covid
0.3623505234718323,0.0778018906712532,2263.856208393396,1759.013448432415,4109.552001953125,0.1750827365451389,-320.40191650390625,73.55826568603516,-29.046947479248047,26.315418243408203,-26.048112869262695,6.506878852844238,-23.561885833740234,-6.294506549835205,-10.210603713989258,-7.424539566040039,-6.307278156280518,-10.211872100830078,1.2628194093704224,-11.602705001831055,-1.8435440063476562,-9.892101287841797,-4.772555351257324,-3.0579707622528076,3.4003357887268066,-7.007097244262695,covid
0.40068647265434265,0.06578031927347183,2378.3651752107367,1821.8594616205248,4326.877848307292,0.18027750651041666,-292.1475524902344,69.57084655761719,-33.94457244873047,40.19405746459961,-23.104089736938477,0.07318482547998428,-28.73465919494629,-5.143948078155518,-15.527749061584473,2.4458999633789062,-6.770392417907715,-13.555041313171387,5.5985026359558105,-14.902599334716797,3.136991262435913,-12.318266868591309,-9.048287391662598,-2.1477673053741455,-3.8868513107299805,-10.084834098815918,covid
0.35197415947914124,0.027681410312652588,1695.0670528286498,1873.9175624574284,3651.7686499618903,0.12254668445121951,-463.2611389160156,47.229148864746094,-1.7170038223266602,2.3227949142456055,6.7159528732299805,0.8818045854568481,-5.084323406219482,-1.5748951435089111,-1.5827128887176514,-2.9505996704101562,-1.079064965248108,-2.6428089141845703,-3.1277213096618652,-3.2420718669891357,-3.7974491119384766,-3.9735896587371826,-2.442209005355835,-3.1355361938476562,-4.212399005889893,-3.2313520908355713,covid
0.42312437295913696,0.045907679945230484,1950.5512674075192,1832.8324074222123,4007.4686686197915,0.11779559100115741,-400.55670166015625,82.51996612548828,-15.950737953186035,17.221355438232422,-26.481101989746094,1.329681634902954,-22.001943588256836,-1.6283318996429443,-13.144705772399902,-9.50079345703125,1.1108591556549072,-4.740294456481934,1.36808180809021,-10.215093612670898,-2.007344961166382,-9.866127967834473,-3.2244746685028076,-5.255176544189453,-4.0433526039123535,-2.4730703830718994,covid
0.4599846303462982,0.02776244468986988,1899.7591323202748,1867.537732296562,3979.704793294271,0.11350730613425926,-450.3373107910156,61.53140640258789,-5.536953449249268,16.884521484375,-9.322860717773438,0.20195473730564117,-10.691850662231445,-7.701272964477539,-3.9355008602142334,-1.9633723497390747,-4.858673572540283,-9.538849830627441,-3.9644622802734375,-8.000945091247559,-4.902973175048828,-7.975533962249756,-8.21745491027832,-4.835022926330566,-1.2289350032806396,-5.731054306030273,covid
0.6200113892555237,0.004433784168213606,2392.6447934271055,2414.577955608341,5348.309326171875,0.12959798177083334,-369.8772888183594,100.5283203125,-17.74542808532715,15.9468412399292,-18.321008682250977,24.91710090637207,-23.93840980529785,-3.7935659885406494,-7.8716959953308105,-4.48445463180542,-9.134793281555176,-3.056267499923706,-18.275354385375977,1.604882836341858,-11.98480224609375,5.2231764793396,-13.606712341308594,5.230533599853516,-15.247390747070312,-1.373247742652893,covid
0.46329185366630554,0.023960255086421967,2736.023860811607,1913.5376241103165,4836.34670883862,0.30520250310945274,-455.4596252441406,38.40345001220703,-61.26380920410156,31.34916877746582,-10.228537559509277,22.30779457092285,2.766828775405884,4.236306667327881,-7.932433605194092,-4.521823883056641,0.43740415573120117,-13.788748741149902,2.937007427215576,-13.494927406311035,-6.873528480529785,-7.765285491943359,-10.14550495147705,-6.112367630004883,-1.6220613718032837,-1.2727965116500854,covid
0.41112542152404785,0.06251846998929977,2568.055370120989,2120.7858469090215,4942.667643229167,0.19444670500578703,-341.9399719238281,48.369781494140625,-20.581544876098633,18.130706787109375,-16.181291580200195,26.654701232910156,-12.134271621704102,-15.391576766967773,-22.64920997619629,-10.553547859191895,-14.655623435974121,-13.17125415802002,-4.308652400970459,-12.13412094116211,-5.934215545654297,-9.484455108642578,-5.7836995124816895,-12.544062614440918,-14.754064559936523,-5.850820064544678,covid
0.36405298113822937,0.0656183585524559,1910.0106139412455,1708.3953160486628,3661.541748046875,0.12519327799479166,-291.14898681640625,100.0397720336914,-21.985437393188477,10.392860412597656,-11.254578590393066,19.194990158081055,-17.284008026123047,-6.7505202293396,-12.552355766296387,-5.22369384765625,0.07428264617919922,-10.195992469787598,2.6843531131744385,-4.412333965301514,-2.119184732437134,-0.36740413308143616,-8.163348197937012,-3.90059494972229,-8.433157920837402,-1.8330845832824707,covid
0.40979060530662537,0.028028681874275208,2164.307664734928,1965.300509934424,4322.9400634765625,0.14048710575810186,-440.5363464355469,40.66078186035156,-6.6688714027404785,19.845088958740234,-22.11972999572754,-3.138845443725586,-9.844256401062012,-5.147575855255127,-8.045988082885742,-7.565313339233398,-6.450474262237549,-4.967354774475098,1.3280210494995117,-5.781450271606445,-1.2050347328186035,-7.316574573516846,-4.443944454193115,-4.773326873779297,-6.020517826080322,-3.8543894290924072,covid
0.5124059319496155,0.03260368853807449,3509.324002428358,2784.720694261129,6720.951334635417,0.24809208622685186,-380.6802062988281,43.917171478271484,-20.969594955444336,-13.528221130371094,-14.683473587036133,-6.305202960968018,-9.029256820678711,-25.69710922241211,-7.932555198669434,-10.285077095031738,-14.037986755371094,-9.928337097167969,-10.1988525390625,-6.4418792724609375,-7.965055465698242,1.7634429931640625,-4.011274814605713,-0.6039698719978333,0.44835564494132996,2.7222015857696533,not_covid
0.3486383259296417,0.03917595371603966,1528.9965672525275,1286.7435387948392,2393.425496419271,0.09537760416666667,-304.3377380371094,132.96270751953125,-70.87844848632812,-9.815284729003906,-17.766687393188477,-6.046041965484619,-35.34932327270508,-8.068818092346191,-17.328079223632812,-12.754891395568848,3.2532150745391846,-14.664922714233398,3.429314613342285,4.212841987609863,-4.020979881286621,-1.8467990159988403,0.8639422059059143,-13.518792152404785,-0.06260398775339127,0.4354031980037689,not_covid
0.45825910568237305,0.12450896948575974,2760.310070465031,2606.7440152554404,5586.2213134765625,0.11855287905092593,-193.25241088867188,54.405025482177734,-7.24873685836792,13.64335823059082,8.728922843933105,6.083646774291992,-3.7438597679138184,4.106497287750244,-5.6737213134765625,6.087463855743408,2.561354398727417,2.306270122528076,1.3694226741790771,7.098840713500977,0.02415548264980316,5.121105670928955,1.9656493663787842,2.3465237617492676,-2.8590784072875977,2.8189287185668945,not_covid
0.4754124879837036,0.002549246186390519,3668.817813682979,3029.9830427619204,7403.035481770833,0.32707157841435186,-457.563232421875,53.72768020629883,2.941071033477783,13.524925231933594,1.0129014253616333,16.30789566040039,-8.133646965026855,3.5777666568756104,-4.912477493286133,6.908130645751953,-5.791851997375488,3.47141695022583,-7.968561172485352,1.675826072692871,-9.408661842346191,4.99534273147583,-4.467386722564697,-5.7919921875,1.0243898630142212,-3.1417953968048096,not_covid
0.42956778407096863,0.10008618235588074,2055.449754276942,2256.2002418499933,4544.2535400390625,0.10960783781828703,-185.6991424560547,117.2158203125,-5.267502307891846,-0.6865257024765015,-19.359786987304688,10.5445556640625,-17.679479598999023,9.033900260925293,-12.755326271057129,14.200549125671387,-12.774864196777344,1.5859731435775757,0.1668538749217987,8.162939071655273,-2.3477907180786133,-1.0080775022506714,10.485660552978516,2.6195600032806396,4.848016738891602,1.3574827909469604,not_covid
0.2798181474208832,0.1648692786693573,1957.9655214610136,1877.0512442423426,3532.392374674479,0.1047634548611111,-202.34132385253906,80.87925720214844,-57.582637786865234,-26.86935806274414,-29.818771362304688,-12.44489860534668,-32.77906799316406,-11.275920867919922,6.503459453582764,-10.549354553222656,-18.610864639282227,1.784961223602295,-6.173786163330078,-2.0684587955474854,-10.954551696777344,-7.024290084838867,-9.63235855102539,-3.6940770149230957,6.100546360015869,14.133894920349121,not_covid
0.5258958339691162,0.007699343841522932,3232.9853298864386,2889.7650779833225,6784.4045003255205,0.19389512803819445,-419.4229736328125,66.32737731933594,-4.071969985961914,-9.785205841064453,-12.347618103027344,-1.0709781646728516,-11.038293838500977,-24.41350555419922,-11.236120223999023,7.923618316650391,-21.89287567138672,1.95421302318573,5.808065891265869,-14.377642631530762,-2.089038133621216,-4.674446105957031,-2.513683557510376,-6.856149196624756,-6.7796807289123535,1.7481518983840942,not_covid
0.46329036355018616,0.04348289221525192,2454.1523240082056,1973.0758640770352,4241.343180338542,0.16391556351273148,-234.97073364257812,79.56476593017578,-53.64622116088867,22.15418815612793,10.994184494018555,5.222750663757324,-25.464248657226562,13.125208854675293,-16.952402114868164,22.39430046081543,6.216546535491943,3.1628170013427734,4.55208683013916,11.323882102966309,-5.272158145904541,-0.21128438413143158,-3.7216389179229736,5.986050128936768,-2.2934112548828125,-0.14024721086025238,not_covid
0.4902036190032959,0.0030901238787919283,2448.0484751097383,2841.159236906839,5941.9677734375,0.06606490523726852,-496.2776184082031,81.60247039794922,17.528413772583008,15.702958106994629,-8.165079116821289,13.38703441619873,-11.671818733215332,0.9237008094787598,5.831384658813477,10.591880798339844,5.3651909828186035,1.9704550504684448,-7.74934196472168,3.745793342590332,0.019985198974609375,-3.618659734725952,-0.8863222599029541,3.5360662937164307,-2.4064512252807617,-6.295783042907715,not_covid
0.3086094260215759,0.14273248612880707,2201.8440515709744,2222.93813274348,4217.018636067708,0.1183132595486111,-227.76515197753906,76.25891876220703,7.459514617919922,32.058746337890625,-6.9562602043151855,-8.742459297180176,-14.395816802978516,-8.10318374633789,-4.461938381195068,0.18667545914649963,-10.623052597045898,-3.942831516265869,-8.930397033691406,-6.276001930236816,-14.363738059997559,-3.9949827194213867,-7.297268390655518,-3.468911647796631,-1.2790441513061523,-2.3034985065460205,not_covid
0.4108624756336212,0.07937275618314743,2141.5661693292564,2380.411533286756,4703.7587483723955,0.0907909252025463,-250.36378479003906,97.43922424316406,-0.0312381312251091,20.929813385009766,-3.799302816390991,5.087614059448242,-2.1222119331359863,-0.0513288713991642,0.3938066065311432,2.6673007011413574,-3.1696243286132812,10.161063194274902,1.4784632921218872,8.772509574890137,2.2004544734954834,-4.400885581970215,-2.6062605381011963,-4.569824695587158,-7.434006690979004,0.25671830773353577,not_covid
0.43535104393959045,0.014196721836924553,2358.234204863386,2759.9883396119135,5648.478190104167,0.08831561053240741,-356.3752746582031,95.75518035888672,15.407042503356934,12.9874267578125,7.79058837890625,2.0501739978790283,-6.431890487670898,7.33341646194458,-2.3452718257904053,4.9640583992004395,-10.239632606506348,0.5662354826927185,-5.200167655944824,0.9210937023162842,-4.958294868469238,0.42422032356262207,-5.246017932891846,-1.5718694925308228,-0.6577483415603638,1.3230079412460327,not_covid
0.42890891432762146,0.18710239231586456,1525.3486875778644,993.8581120845644,2480.256144205729,0.12256311487268519,-156.83807373046875,156.2592010498047,-89.37049865722656,-7.892111301422119,13.505516052246094,-32.62791061401367,-24.91757583618164,-6.936506271362305,-24.26010513305664,-4.749261379241943,-1.1920561790466309,-13.110116004943848,3.8018417358398438,-6.644475936889648,-14.324405670166016,2.1406404972076416,-4.99674654006958,-14.113256454467773,-0.3736351728439331,-0.6984606385231018,not_covid
0.44239985942840576,0.056375470012426376,4758.293216476482,2732.1953220928435,7728.5756429036455,0.34273726851851855,-171.78526306152344,3.5725595951080322,6.680634498596191,12.732640266418457,-5.932826995849609,1.531472086906433,-22.34103775024414,8.811701774597168,-10.694887161254883,-3.045161247253418,-10.024662971496582,-0.5809527039527893,-4.600770950317383,-7.161466121673584,-0.38867706060409546,2.6280720233917236,-4.856635093688965,0.033543411642313004,-4.776621341705322,-4.628121376037598,not_covid
0.5468099117279053,0.03233171999454498,2613.5746212713625,2761.640785189616,5793.1793212890625,0.11017523871527778,-354.6687316894531,64.23236083984375,2.9219343662261963,10.310173034667969,0.11855344474315643,4.472695827484131,1.1783626079559326,5.819587230682373,-5.386901378631592,0.7338747382164001,2.9057908058166504,0.8290272355079651,-1.5980786085128784,-0.7220590114593506,-0.7603833079338074,1.6549934148788452,-1.7316657304763794,0.593798041343689,-1.0367144346237183,-0.38919010758399963,not_covid
0.5705733299255371,0.022096741944551468,1236.0658266022947,1187.274513259515,2505.278523763021,0.07706705729166667,-387.3669128417969,92.72216796875,-1.3316792249679565,15.403122901916504,16.576414108276367,-13.318049430847168,-5.92127799987793,4.036983489990234,-0.9803958535194397,1.0568536520004272,0.010610509663820267,1.4248169660568237,5.5862908363342285,-1.5852652788162231,-3.1995387077331543,4.120194435119629,3.0685088634490967,3.30810809135437,6.562100887298584,2.220813274383545,not_covid
0.4695979058742523,0.03905295953154564,3281.5236883124244,2692.7790369605527,6281.614176432292,0.19234438295717593,-326.2142639160156,48.81464385986328,-25.714303970336914,2.955605983734131,-16.930675506591797,-12.06770133972168,-15.325496673583984,-19.922290802001953,-6.012951850891113,-8.249544143676758,-12.117722511291504,-2.823077917098999,-4.5254058837890625,-5.227287769317627,-8.388599395751953,-2.600032091140747,-5.085987091064453,-6.776699542999268,-7.111656665802002,-4.682760238647461,not_covid
0.6718224287033081,0.02021702565252781,1391.2814847695684,1240.768759720637,2948.3540852864585,0.08205159505208333,-340.5165710449219,148.96424865722656,-50.98514175415039,32.663333892822266,24.891996383666992,-18.555618286132812,24.405324935913086,6.331104755401611,-5.671298027038574,18.42084503173828,-3.882047653198242,-3.6999857425689697,8.225098609924316,-8.897297859191895,-1.4210693836212158,3.8358607292175293,-6.9383158683776855,1.5128111839294434,1.247374415397644,-3.322666645050049,not_covid
0.3210641145706177,0.14705756306648254,2143.1023429991455,1969.9948482395237,4560.1043701171875,0.11388029875578703,-114.54254913330078,109.36717224121094,-42.63443374633789,36.05135726928711,-32.803829193115234,27.446266174316406,-23.25391960144043,11.448539733886719,-18.27948570251465,1.496156930923462,-3.0578126907348633,-8.062500953674316,-2.668543577194214,-11.031573295593262,6.49462366104126,-4.268817901611328,11.669255256652832,1.4454619884490967,7.140570640563965,-1.7680389881134033,not_covid
0.4355376362800598,0.028346233069896698,3328.895145880229,2605.809065895678,6177.537027994792,0.22026457609953703,-351.0587463378906,43.15700149536133,-18.3950138092041,2.166429042816162,-14.500755310058594,-6.669275283813477,-20.676889419555664,0.49633491039276123,-12.388250350952148,-3.8470380306243896,5.109189033508301,-1.0332781076431274,-8.174057006835938,-5.585322856903076,-2.4092798233032227,-0.9412837624549866,-3.201594352722168,-3.973489284515381,-1.6440285444259644,-2.2437775135040283,not_covid
0.6415999531745911,0.017532940953969955,3691.746128630944,3065.2632634408055,7650.168863932292,0.17444299768518517,-515.5243530273438,7.926050186157227,-7.65213680267334,0.8949093818664551,-1.7665437459945679,-3.7356464862823486,-6.694241523742676,-7.522896766662598,-7.241579055786133,-1.8194658756256104,0.13925622403621674,1.5402188301086426,-2.924055576324463,0.10474416613578796,-1.082785725593567,-0.4839419722557068,0.5126839876174927,2.126094102859497,0.3862144947052002,0.6967030763626099,not_covid
0.5423088669776917,0.005537477787584066,2654.5935754882366,2633.7258013130718,5627.543131510417,0.1427634910300926,-515.2603149414062,74.73248291015625,0.5226415991783142,37.15089797973633,18.157894134521484,11.26827335357666,-10.943100929260254,-6.722690105438232,2.9282498359680176,-2.7460384368896484,-4.968388080596924,1.455582618713379,0.3792501986026764,5.347005367279053,3.7660841941833496,-4.245308876037598,-4.711638927459717,1.6120175123214722,-1.5945284366607666,0.6019361019134521,not_covid
0.3637993335723877,0.03821064904332161,2467.3463564910753,2333.5378853738284,4950.044759114583,0.12492314091435185,-286.57830810546875,76.00092315673828,-23.338510513305664,6.075290679931641,-27.74365234375,-11.331364631652832,-33.4222412109375,-9.177321434020996,-11.420710563659668,-1.4348092079162598,-14.366881370544434,-10.690180778503418,-15.276799201965332,-5.978783130645752,-16.55558204650879,-12.985926628112793,-9.25027084350586,-9.808310508728027,-4.921513080596924,3.1639299392700195,not_covid
0.4084724187850952,0.085203155875206,2294.5575464065073,2376.9136622815427,4856.8837483723955,0.11806233723958333,-207.35516357421875,94.84483337402344,-18.604455947875977,5.527979373931885,-8.735695838928223,-1.7641326189041138,-19.93222999572754,-12.65018367767334,-14.423552513122559,-5.6199564933776855,-12.76707649230957,2.2261247634887695,-2.278156042098999,0.4177754819393158,-4.303287506103516,-6.242496013641357,-7.409086227416992,0.02877945452928543,-5.007705211639404,-5.203702449798584,not_covid
0.4897356331348419,0.020382056012749672,2563.07709416619,2679.542487961904,5490.7175699869795,0.1227123119212963,-289.2513427734375,70.34729766845703,-4.591855525970459,33.23342514038086,27.461570739746094,14.497987747192383,6.911658763885498,14.404963493347168,11.318623542785645,3.2673685550689697,-6.461251735687256,3.6976754665374756,2.8566935062408447,0.9188423156738281,-4.776092529296875,-0.1922425627708435,0.7337080836296082,-0.9390799403190613,-4.866086483001709,-1.36899733543396,not_covid
0.4289752244949341,0.029467344284057617,2721.211914713683,2466.8197147618757,5322.0408121744795,0.16620777271412038,-315.7165832519531,74.77445983886719,-32.17207336425781,-14.071600914001465,-11.432486534118652,-7.147258281707764,-9.448390007019043,0.6541880965232849,-21.801130294799805,-12.06926155090332,-12.609373092651367,-10.076745986938477,-5.078916549682617,-7.065628528594971,-6.023566246032715,-4.031220436096191,-7.8184685707092285,-5.987661361694336,-8.795198440551758,-5.419459819793701,not_covid
0.5847738981246948,0.014776638709008694,1390.2874637338423,1456.2802030631656,2823.4415690104165,0.06925229673032407,-489.5561218261719,76.91012573242188,-12.511763572692871,10.396154403686523,10.513120651245117,-2.875305652618408,10.98907470703125,4.0922136306762695,0.6253640651702881,9.508790969848633,3.6775999069213867,3.4499738216400146,6.0051422119140625,1.1709784269332886,2.0143721103668213,0.5251750349998474,-2.045680522918701,2.4161579608917236,3.237828016281128,2.3429791927337646,not_covid
0.5011979937553406,0.023367425426840782,2397.0507507859443,1850.862971949113,4350.205485026042,0.16975911458333334,-369.7373352050781,70.12562561035156,-48.392154693603516,-1.3227514028549194,-5.627358436584473,6.2527852058410645,-15.291579246520996,-1.4974561929702759,-7.588926315307617,-2.876230478286743,-2.781964063644409,-2.320193290710449,-2.5028884410858154,-5.795010089874268,-2.1429200172424316,-2.8194849491119385,0.44331443309783936,-3.269656181335449,-1.309945821762085,-1.1850179433822632,not_covid
0.385354608297348,0.1719982922077179,1896.4474792152,1807.3947703590006,3812.5732421875,0.0901828342013889,-192.64300537109375,49.945796966552734,-5.358223915100098,28.15455436706543,-0.888812243938446,7.915743350982666,-1.644718050956726,7.555767059326172,-4.241135120391846,7.366354942321777,-1.9502009153366089,6.354317665100098,-3.2284178733825684,2.373439311981201,-6.499465465545654,3.7074649333953857,-5.234020709991455,0.2610512375831604,-3.798281669616699,-0.0678488090634346,not_covid
0.27851879596710205,0.09679969400167465,2547.762453568452,2723.0185499172794,5744.779459635417,0.04114221643518518,-162.9647674560547,67.2616195678711,-8.892427444458008,25.764530181884766,23.605642318725586,3.8300154209136963,-7.386148452758789,24.701208114624023,-1.526208758354187,-8.242981910705566,-2.4351892471313477,-6.281773090362549,-5.503788471221924,4.960468292236328,-16.685571670532227,-11.522229194641113,-3.387197256088257,-3.4841935634613037,-7.755759239196777,-10.120966911315918,not_covid
0.31787896156311035,0.048347994685173035,1690.216630678506,1303.032406273118,3204.609171549479,0.1024169921875,-289.26739501953125,152.8069610595703,-84.11939239501953,43.61344909667969,-36.89570236206055,-6.601137638092041,22.137765884399414,-23.40703582763672,9.385286331176758,-9.059020042419434,-1.626346468925476,7.900528907775879,-6.236875057220459,7.344370365142822,3.4641876220703125,3.8135955333709717,-1.4759653806686401,-2.0179314613342285,1.6737627983093262,-4.612534046173096,not_covid
0.5523853302001953,0.02311987802386284,5267.713691473276,2804.9044809378506,8231.017049153646,0.4378865559895833,-323.24615478515625,7.462683200836182,30.048376083374023,3.2290725708007812,-14.661416053771973,16.295522689819336,-4.53239631652832,16.118610382080078,-14.222342491149902,8.920011520385742,-2.22383713722229,2.0384016036987305,2.4999735355377197,6.265329837799072,-6.8191399574279785,8.803736686706543,-3.753056526184082,0.5745460987091064,-4.10957145690918,2.2232136726379395,not_covid
0.45147714018821716,0.01554946694523096,1920.5149562292822,2045.3470376382825,3931.7535400390625,0.09923638237847222,-381.0384826660156,112.43447875976562,-19.37957000732422,1.1083117723464966,-0.9138566255569458,1.6668365001678467,-4.288594722747803,-1.3333159685134888,-0.9922613501548767,-4.087302207946777,-4.74846076965332,-4.741715431213379,-5.184415340423584,-2.5620269775390625,-2.0851314067840576,0.7920387983322144,-0.4041177034378052,0.5682669281959534,-2.113847494125366,0.5059512853622437,not_covid
0.26410505175590515,0.006037143990397453,1339.4228879659975,2057.5485255692142,2829.9713134765625,0.03323025173611111,-439.014892578125,134.77796936035156,12.219301223754883,24.149219512939453,4.391391277313232,18.68016815185547,1.296769618988037,4.3256001472473145,-1.490241289138794,6.844874858856201,-3.702974557876587,1.8211309909820557,-5.339324474334717,-2.5289738178253174,-6.128256797790527,-3.745624303817749,-6.852707386016846,-4.503223419189453,-8.35372257232666,-5.554289817810059,not_covid
0.3369753360748291,0.02991591766476631,2709.643163247071,2574.8949862435893,5815.460205078125,0.13584617332175927,-341.0106201171875,66.53424835205078,-9.196718215942383,-7.345232963562012,-18.458114624023438,2.742532730102539,-24.919057846069336,-14.648279190063477,-11.440190315246582,5.511169910430908,-14.770411491394043,-8.482616424560547,-8.999831199645996,-11.737665176391602,-7.179049968719482,-12.679926872253418,-12.653057098388672,-9.708362579345703,-10.475762367248535,-5.558820724487305,not_covid
0.3839815557003021,0.13784922659397125,2058.809896100598,2213.1556484835824,4099.6327718098955,0.08789740668402778,-76.60574340820312,107.72862243652344,-20.67707633972168,11.034310340881348,-9.60158634185791,-7.728780269622803,-13.768376350402832,-8.068741798400879,-8.597898483276367,0.8133209943771362,-5.695339679718018,1.964959740638733,-0.06605914980173111,4.143309593200684,-1.1849802732467651,-1.3654931783676147,-3.9237935543060303,-2.6328518390655518,-6.53687858581543,-1.621180772781372,not_covid
0.6760861277580261,0.003777269506826997,2781.836255763994,2304.3921497897363,5649.4252522786455,0.21398021556712962,-463.0712585449219,82.44786071777344,-38.42121124267578,28.808916091918945,-15.517040252685547,5.311224460601807,-17.966190338134766,4.0294718742370605,-21.429393768310547,13.275486946105957,-23.169227600097656,14.200780868530273,-13.5584716796875,0.5333912372589111,-0.3728346526622772,-6.316660404205322,3.8034465312957764,-5.989984512329102,3.3361928462982178,-6.503447532653809,not_covid
0.5202020406723022,0.04584910720586777,1613.2072681070717,1412.4199469367506,2908.0291748046875,0.10701949508101852,-377.0086669921875,110.92828369140625,-31.870615005493164,6.640702247619629,-0.8315144181251526,-4.451609134674072,-0.19622337818145752,-3.7763402462005615,-5.1953959465026855,-0.6767085194587708,-0.6668374538421631,-7.442677021026611,-1.042070746421814,-0.21167783439159393,-3.513028860092163,-1.7552833557128906,-3.0297434329986572,-2.8737521171569824,-2.084186315536499,-4.006258487701416,not_covid
0.4748630225658417,0.11776894330978394,2171.0932892974984,2020.7484820640966,4154.612223307292,0.12836145471643517,-111.08712768554688,100.79208374023438,-45.950077056884766,12.435032844543457,-24.04547882080078,2.300154685974121,-16.964616775512695,1.120909571647644,-20.672300338745117,3.9369869232177734,-8.808539390563965,1.8302949666976929,-13.449332237243652,-6.722737789154053,-9.396442413330078,-2.7818009853363037,-13.162452697753906,-2.3638813495635986,-9.831852912902832,-6.26463508605957,not_covid
0.45862719416618347,0.04059980809688568,3326.84217091428,2360.71060037015,5806.6375732421875,0.24002866391782407,-252.4156494140625,51.8489990234375,-34.48784255981445,1.1187342405319214,-17.80975341796875,-3.9884121417999268,-10.298352241516113,-1.7381830215454102,-10.109210014343262,-3.904963493347168,-9.402359962463379,-1.748876929283142,0.014857822097837925,3.483240842819214,0.551235556602478,-1.5305893421173096,-3.6257946491241455,-2.4046621322631836,-4.911997318267822,0.7723411321640015,not_covid
0.4655447006225586,0.06571353226900101,2334.8258634916647,2422.7086431215075,4712.082926432292,0.11969898365162036,-198.79058837890625,98.37747955322266,-22.576921463012695,5.5856781005859375,-3.0981554985046387,-8.374064445495605,-8.457770347595215,-2.344693899154663,-15.197936058044434,-2.109485626220703,-1.8248740434646606,-1.6051039695739746,-9.420195579528809,0.2796209752559662,-6.080597400665283,2.349475860595703,-5.601598739624023,-3.403761148452759,-3.0551235675811768,-2.061396837234497,not_covid
0.40955084562301636,0.03919404372572899,2450.0466188260025,2419.2525457132892,4960.811360677083,0.11986852575231481,-305.134765625,79.19576263427734,-30.300573348999023,10.304886817932129,11.462944984436035,8.850224494934082,-9.380352020263672,6.091169357299805,13.529255867004395,2.1986773014068604,6.192039966583252,2.388049602508545,-0.44057708978652954,5.9316277503967285,0.9972016215324402,-0.409274160861969,-0.6205989122390747,1.3280012607574463,-3.130868434906006,5.879001140594482,not_covid
0.4292125999927521,0.01413893885910511,4623.346208736952,3265.8966272220255,8701.806640625,0.38616943359375,-309.53326416015625,50.45407485961914,23.255538940429688,-24.39105987548828,-27.954824447631836,7.080716609954834,-12.845888137817383,-40.92118453979492,12.191351890563965,-3.796780824661255,-35.152889251708984,-11.617707252502441,10.332135200500488,-25.111310958862305,-16.121362686157227,-3.0349392890930176,-1.3479830026626587,-15.386614799499512,-10.155621528625488,24.155576705932617,not_covid
0.5091513395309448,0.017800655215978622,2720.339574636467,3004.651594463555,6610.9425862630205,0.10743091724537036,-417.8844299316406,80.80733489990234,10.386466979980469,-9.37209415435791,-2.847482919692993,3.333956003189087,3.1548123359680176,5.57974910736084,-4.618893623352051,-2.879193067550659,-3.4328205585479736,2.3639400005340576,2.6422502994537354,-0.36046168208122253,-6.355664253234863,3.4328527450561523,6.89475154876709,2.5637166500091553,1.0019875764846802,3.305685043334961,not_covid
0.5359196662902832,0.0017672044923529029,2892.900309995463,2467.7000444953173,5074.2095947265625,0.14858443648726852,-519.298095703125,60.83320999145508,-13.686948776245117,52.1064453125,0.023676836863160133,-2.5801544189453125,16.066410064697266,-1.5136064291000366,4.108321666717529,11.038372993469238,-0.14322993159294128,-0.8972687721252441,7.246153831481934,-1.711321473121643,3.879873752593994,3.637301445007324,3.026381015777588,2.4391050338745117,2.7785067558288574,2.209200382232666,not_covid
0.4957010746002197,0.0334421843290329,3429.3454928688257,2788.6247365342106,6887.833658854167,0.2253146701388889,-282.546630859375,48.55093002319336,-15.530037879943848,12.706839561462402,4.197268009185791,-7.582499027252197,-19.33932876586914,-12.06280517578125,-16.914817810058594,13.680665016174316,0.8189352750778198,-6.072834491729736,-4.1813578605651855,0.9958034753799438,-0.5268773436546326,0.5449484586715698,-8.846841812133789,-2.9093174934387207,-1.1150060892105103,-5.921740531921387,not_covid
0.40794485807418823,0.013446356169879436,2710.6148364541123,2664.1729916584786,5778.3253987630205,0.14207628038194445,-346.92584228515625,75.7743148803711,-7.64013671875,11.369929313659668,11.364983558654785,1.8391443490982056,-7.959600448608398,-4.2627482414245605,-8.286301612854004,3.099557876586914,-2.837599754333496,5.065131187438965,-0.2843274772167206,0.9862598776817322,-2.4534199237823486,3.6917221546173096,2.3170957565307617,-2.0618882179260254,-4.779806613922119,-0.5130339860916138,not_covid
0.45965245366096497,0.02597486786544323,2604.780450236841,2404.7167083263507,5276.8310546875,0.16032805266203703,-368.9997863769531,68.92610931396484,-3.014495611190796,4.740218162536621,-22.75718879699707,-6.307621479034424,-5.0262064933776855,-3.051612377166748,-22.226892471313477,-10.342598915100098,-1.9116264581680298,-3.023776054382324,2.4609737396240234,-3.8589048385620117,-4.766991138458252,1.4170514345169067,-7.555219650268555,-5.734298229217529,-1.3090063333511353,-7.624976634979248,not_covid
0.3852786719799042,0.04919559136033058,2091.5386861274173,1900.8516516401041,4090.3116861979165,0.12537073206018517,-333.2815246582031,77.35591888427734,-29.215259552001953,-12.000208854675293,-40.10726547241211,-14.171867370605469,-24.793758392333984,-3.564955711364746,-12.181041717529297,-8.30224895477295,-11.220526695251465,-15.379467010498047,-11.852128982543945,-16.68700408935547,-6.129465579986572,-6.91163444519043,0.8703944683074951,-1.7464579343795776,-0.27820247411727905,0.44265618920326233,not_covid
0.4368351101875305,0.01170201227068901,2535.113665410519,2745.4840998930385,5693.937174479167,0.10598189742476852,-369.70806884765625,88.60308074951172,5.392667770385742,7.121603488922119,1.3260709047317505,3.930720090866089,-9.638640403747559,-4.608083248138428,-1.3495275974273682,-5.914106369018555,-10.46535873413086,-7.290886878967285,-10.12293529510498,-8.442469596862793,-11.146337509155273,-7.20380163192749,-9.289363861083984,-4.730805397033691,-9.53712272644043,-4.201308727264404,not_covid
0.35516002774238586,0.10213927924633026,2745.1778172025956,2320.5739859626883,5164.180501302083,0.1585964626736111,-184.20028686523438,58.44841766357422,-38.63478088378906,11.382108688354492,-25.023120880126953,-19.029909133911133,-26.816957473754883,-18.4494571685791,-12.302553176879883,-10.588523864746094,-13.018902778625488,-3.4688992500305176,-13.434988975524902,-5.748342037200928,-10.796534538269043,-5.537227153778076,-6.92578125,-3.271822929382324,-1.9581055641174316,0.3912326693534851,not_covid
0.29897060990333557,0.020398201420903206,1854.658799180335,2354.3720460024274,4243.636067708333,0.06818757233796297,-468.1248779296875,97.58110046386719,26.817689895629883,16.91798210144043,-0.932616651058197,10.96084213256836,0.10102547705173492,1.1747348308563232,4.662215232849121,-4.758930206298828,-6.168035507202148,0.4275114834308624,2.414731979370117,5.75868034362793,5.680289268493652,2.3748605251312256,3.5004775524139404,0.45106014609336853,-2.4321377277374268,-4.155621528625488,not_covid
0.37993788719177246,0.09093989431858063,2421.1092039013347,1998.1016688788711,4475.417073567708,0.15334065755208334,-177.62457275390625,77.23497009277344,-63.78916549682617,2.8216922283172607,-31.175662994384766,5.626186847686768,-16.180315017700195,-4.249358654022217,-8.80754566192627,4.582264423370361,-11.615107536315918,-4.122291088104248,-10.52927017211914,6.532210350036621,-13.085094451904297,-0.013215524144470692,-6.971245765686035,5.492208003997803,-6.09896183013916,5.131989479064941,not_covid
0.3880254030227661,0.08361445367336273,2752.441129596253,2596.353722307613,5655.7057698567705,0.1450263129340278,-191.26834106445312,71.31781768798828,-24.33931541442871,-2.2421107292175293,-11.412064552307129,-3.6501541137695312,-19.002805709838867,-13.011574745178223,-7.398769855499268,0.021401016041636467,-9.293157577514648,-4.261572360992432,-4.9107584953308105,-2.129371166229248,-8.249014854431152,-2.3486623764038086,-2.0904412269592285,1.2173775434494019,-3.209080696105957,-1.6596049070358276,not_covid
0.33240869641304016,0.05504259467124939,2173.2566978512727,1727.6015362172714,4085.8256022135415,0.15013744212962962,-246.73687744140625,113.05921936035156,-46.95854568481445,68.34849548339844,-36.67209243774414,6.741796970367432,-13.521537780761719,-26.44123077392578,-8.497462272644043,-5.603945255279541,-11.51602840423584,-6.018147945404053,-12.831809997558594,-7.135305404663086,-6.889233589172363,-6.312556743621826,1.4718126058578491,-3.3241655826568604,-2.3977386951446533,-7.92791748046875,not_covid
0.3345082700252533,0.08100274205207825,2790.863567067902,2354.5972427862152,5333.953857421875,0.1585761176215278,-167.37501525878906,58.95100784301758,-46.93389129638672,-5.170528411865234,-41.84473419189453,-28.655757904052734,-22.52353858947754,-21.341384887695312,-20.543447494506836,1.7472959756851196,-24.08153533935547,-6.558129787445068,-19.44906997680664,-2.5743041038513184,-5.964001655578613,-4.515179634094238,3.3892858028411865,4.997714519500732,-7.815732479095459,-3.223172903060913,not_covid
0.47752800583839417,0.15138007700443268,1177.1592900065757,1083.2031526432677,2302.4576822916665,0.07524278428819445,-228.54322814941406,143.17056274414062,-33.956329345703125,11.216460227966309,11.442234992980957,-17.636558532714844,-4.52024507522583,-21.706830978393555,-29.80484962463379,2.5041720867156982,-4.082871437072754,-12.735550880432129,-1.6504240036010742,-0.6338669657707214,-1.0811556577682495,-1.5522562265396118,-6.6776652336120605,-3.6267271041870117,-4.4176859855651855,-6.731432914733887,not_covid
0.5440079569816589,0.011025168001651764,2996.455208972342,2686.619335372923,6132.0281982421875,0.1811839916087963,-342.0531005859375,72.81359100341797,-13.48532485961914,7.831320285797119,-12.21481704711914,-0.32424870133399963,-7.999608993530273,2.737833261489868,-3.526982069015503,0.12928001582622528,-0.08579932153224945,1.4042645692825317,-1.072765827178955,2.3998358249664307,-1.2704111337661743,-1.064447283744812,-5.1068854331970215,-1.2001153230667114,-5.2806315422058105,1.580613136291504,not_covid
0.4544408321380615,0.03284230828285217,3088.423932095973,3098.960161417672,7191.2424723307295,0.1550360785590278,-286.7743225097656,78.45757293701172,28.386592864990234,-14.226268768310547,-9.557768821716309,7.985880374908447,7.273690700531006,-8.103652000427246,4.870403289794922,19.29863739013672,-13.181172370910645,-1.2470659017562866,9.113007545471191,-3.0010406970977783,0.7929025292396545,3.5205585956573486,-0.7299016118049622,-1.0808076858520508,-8.970539093017578,7.935483455657959,not_covid
0.3093032240867615,0.09303063899278641,1422.4624201090414,986.1115487709537,2666.5283203125,0.10242151331018519,-230.64334106445312,174.9870147705078,-84.23582458496094,6.856341361999512,5.517388820648193,-31.50554656982422,26.302640914916992,-1.4951765537261963,-21.330766677856445,12.691126823425293,-2.252527952194214,-3.2670094966888428,4.51183557510376,-9.89576530456543,-2.9571728706359863,-7.439123630523682,-11.530492782592773,9.027263641357422,7.104915142059326,2.7152981758117676,not_covid
0.3830490708351135,0.05198552832007408,2221.717301523979,1597.8412917151302,4180.8807373046875,0.1618064597800926,-243.1116485595703,132.58119201660156,-78.31796264648438,76.72293853759766,-26.2310791015625,11.35851001739502,19.46196746826172,-15.003626823425293,24.282331466674805,-23.30289649963379,2.8700380325317383,-1.675898790359497,-17.55994987487793,11.555347442626953,-14.097086906433105,6.558538436889648,1.4476935863494873,-9.202064514160156,7.2422261238098145,-10.23158073425293,not_covid
0.358157753944397,0.16209284961223602,1587.529991056275,1106.3101814360111,2676.5032599954043,0.11409744561887254,-167.9592742919922,123.34058380126953,-81.64213562011719,2.019516706466675,-4.58165168762207,-7.271219730377197,-1.3132246732711792,-17.072708129882812,0.4313640296459198,0.44842395186424255,1.7518305778503418,-0.5113711357116699,-0.26781755685806274,5.940298080444336,-3.169182300567627,4.389934062957764,3.813465118408203,0.9055457711219788,4.877541542053223,2.228168487548828,not_covid
0.1556210219860077,0.21983836591243744,1119.8869039969402,1347.0047936713904,1394.2250569661458,0.06221742983217592,-316.9085693359375,95.57059478759766,-6.326248645782471,-25.669370651245117,-21.942550659179688,-8.466968536376953,-10.638558387756348,-10.97011661529541,-7.546350955963135,1.0802024602890015,6.50325870513916,4.421271800994873,-1.4594935178756714,-5.714145183563232,-10.39144229888916,-9.393056869506836,-6.9037556648254395,-3.212916851043701,2.3537158966064453,6.081754207611084,not_covid
0.5380685329437256,0.05428306385874748,1890.9478326244077,2203.3791167219624,4007.3689778645835,0.0787624782986111,-301.3766174316406,73.60708618164062,15.626110076904297,30.286617279052734,13.255085945129395,20.33262062072754,11.739141464233398,8.555933952331543,1.3174071311950684,9.2699556350708,12.989871978759766,8.381006240844727,3.3670246601104736,7.978332042694092,2.8769023418426514,8.189133644104004,7.874953269958496,5.22747802734375,2.8958683013916016,-0.22437869012355804,not_covid
0.41619887948036194,0.06830471009016037,3039.8458485280357,2367.4285756704116,5635.1694742838545,0.20261637369791666,-191.97433471679688,54.791839599609375,-25.788570404052734,18.52240753173828,-19.212491989135742,-0.46756234765052795,-31.52680206298828,-10.544483184814453,-12.75212287902832,7.602268218994141,-4.1740851402282715,3.5228145122528076,-0.9510883688926697,1.3321396112442017,-0.5818396210670471,-0.2359437644481659,-9.43954086303711,-0.749804675579071,-3.190669059753418,-2.780665159225464,not_covid
0.4306122660636902,0.143313467502594,2640.564953977557,2520.664358722051,5284.1583251953125,0.15239122178819445,-205.75755310058594,76.60113525390625,-20.433332443237305,-19.01456642150879,-15.777631759643555,-5.30334997177124,-7.713652610778809,-5.971378326416016,-12.392693519592285,-7.945831298828125,-11.055662155151367,-3.743939161300659,-4.780484199523926,-1.186144232749939,-6.668806076049805,-3.031031370162964,-3.808773994445801,-2.258981227874756,-2.1242496967315674,-1.14064359664917,not_covid
0.3454737365245819,0.16469033062458038,2865.3775681347693,2119.1894435028544,5144.4915771484375,0.1829811378761574,-158.66847229003906,54.371707916259766,-51.00117874145508,17.844602584838867,-50.83427047729492,5.908895492553711,-21.207496643066406,-14.281939506530762,5.280750274658203,-4.343282222747803,-1.3198219537734985,-14.010320663452148,-9.960870742797852,-4.660144805908203,-5.275506496429443,-1.5863959789276123,-4.215681076049805,-3.198385238647461,-7.358305931091309,-1.5083154439926147,not_covid
0.34078240394592285,0.019398152828216553,2404.4316311683747,2385.8713550371954,4886.940511067708,0.11210801866319445,-357.23284912109375,85.33698272705078,-22.69509506225586,11.119345664978027,-9.124922752380371,-23.346534729003906,-17.955747604370117,-6.819347381591797,-20.636423110961914,-4.217495441436768,-15.610084533691406,-7.191299915313721,-12.213768005371094,-4.421535968780518,-10.102836608886719,-6.210072994232178,-9.865202903747559,-5.687967777252197,-9.772674560546875,-5.854808807373047,not_covid
0.43053093552589417,0.06533047556877136,4189.88069864371,2911.8730208949573,7672.3500569661455,0.2954395435474537,-205.96400451660156,24.329946517944336,-8.410902976989746,4.265186309814453,-5.245668888092041,-3.72997784614563,-30.289310455322266,-17.875585556030273,-13.61351203918457,9.274384498596191,-12.999146461486816,-10.153878211975098,-3.6730685234069824,1.645923137664795,-7.547159671783447,-5.502430438995361,-8.148453712463379,-1.2485281229019165,-5.246305465698242,-5.111432075500488,not_covid
0.45475268363952637,0.060419775545597076,2716.071172383602,2530.4392117524117,5430.255126953125,0.1585105613425926,-343.7159729003906,52.39223861694336,-10.933131217956543,-1.9863439798355103,-6.074941158294678,-7.059000015258789,-2.810953140258789,-16.900644302368164,-13.186073303222656,-5.003173351287842,-12.023747444152832,-6.023595333099365,-10.483880043029785,-2.111511468887329,-4.492899417877197,-7.955080509185791,-6.500697612762451,-4.751128196716309,-4.898684501647949,-2.889005422592163,not_covid
0.37368035316467285,0.09067491441965103,2808.6325477829982,2683.383096843612,6097.585042317708,0.13274242259837962,-145.53973388671875,74.40670013427734,-5.497140407562256,9.957734107971191,-17.71097755432129,5.591665744781494,-8.567296028137207,8.308395385742188,-9.749457359313965,-0.1312437653541565,-6.774445533752441,1.6508277654647827,-8.426177024841309,2.301262855529785,-8.255487442016602,-0.776205837726593,-8.112305641174316,-3.554168224334717,-8.566489219665527,0.6924739480018616,not_covid
0.5197433829307556,0.013095282949507236,3269.244338722239,2580.7030460648325,6024.1628011067705,0.2284568504050926,-468.6920166015625,58.74243927001953,-20.299306869506836,-1.8960528373718262,-9.254085540771484,-5.8531413078308105,-17.073617935180664,-19.649934768676758,-11.036297798156738,-2.539945602416992,-13.418488502502441,-14.755980491638184,-7.988693714141846,-9.81308650970459,-16.104169845581055,-9.81443977355957,-7.999033451080322,-2.603226900100708,-5.178617000579834,0.6258498430252075,not_covid
0.22797149419784546,0.029127193614840508,1003.827792391306,902.0752459184927,1913.5640462239583,0.03929307725694445,-501.7623596191406,27.503650665283203,-16.353229522705078,3.5843145847320557,-0.026973141357302666,3.548232078552246,-3.597073554992676,-2.452204942703247,0.9007348418235779,-2.8638429641723633,-0.6260711550712585,-3.7066266536712646,0.9758163094520569,-0.33166202902793884,-2.0048608779907227,0.4277409315109253,-1.5994404554367065,0.5875908732414246,-0.8843600749969482,0.5890284180641174,not_covid
0.5135176181793213,0.002752367639914155,2479.977121692553,2467.1190304475485,5101.973470052083,0.1348334418402778,-458.995849609375,87.15116882324219,-22.217491149902344,3.925546169281006,-10.615917205810547,-2.662628650665283,-9.651795387268066,-8.014304161071777,-8.419999122619629,-3.3126893043518066,-13.52635383605957,-4.261551856994629,-10.43185806274414,-4.631366729736328,-9.765509605407715,-6.521285057067871,-8.014497756958008,-4.260356426239014,-9.603700637817383,-4.6358208656311035,not_covid
0.2599492073059082,0.14414815604686737,1938.7807046064293,1896.8880299865032,3570.32470703125,0.09900580512152778,-229.5957794189453,70.43280792236328,16.7432861328125,14.051873207092285,2.346127510070801,-5.368844985961914,-4.930845260620117,-2.1181278228759766,1.4832954406738281,-0.5595672726631165,-1.4372602701187134,1.2758880853652954,-7.151692867279053,2.4887216091156006,-4.232619762420654,-3.368284225463867,-5.894278049468994,-1.7274590730667114,-2.2733843326568604,-2.009275197982788,not_covid
0.359127402305603,0.006452635861933231,2018.2792128056535,1844.1495538318393,3534.984334309896,0.11928077980324074,-452.46478271484375,98.28347778320312,-57.77256774902344,-7.43516731262207,-17.406158447265625,-6.061365127563477,-4.936422348022461,1.863029956817627,-2.772775173187256,-6.795831203460693,1.131711721420288,2.163712978363037,2.460526943206787,-1.0547953844070435,-7.086548805236816,5.598933696746826,3.649428129196167,2.412912130355835,0.5859103798866272,-0.37692132592201233,not_covid
0.32436129450798035,0.0636468455195427,2800.373446908177,2471.977250047459,5653.163655598958,0.1512790256076389,-194.71226501464844,61.78787612915039,-21.782638549804688,14.646528244018555,-6.948296070098877,-5.308995723724365,-32.806297302246094,4.035564422607422,-2.4228999614715576,0.12758594751358032,-6.771261692047119,1.3856438398361206,-8.77588939666748,-6.245054244995117,-1.1939340829849243,0.12806405127048492,-1.7588579654693604,-0.8272883296012878,-4.638484954833984,-2.308380603790283,not_covid
0.4365350306034088,0.039449796080589294,2663.3605630160164,2718.5821142206096,6161.6363525390625,0.13514765986689814,-235.7561492919922,71.18777465820312,-17.360910415649414,17.706195831298828,13.679896354675293,7.633993625640869,3.7221219539642334,15.105826377868652,1.4291177988052368,14.008856773376465,-0.67006516456604,7.507504940032959,-4.553029537200928,12.720874786376953,-1.0430868864059448,4.227670192718506,-0.37614771723747253,13.13917064666748,-0.0569964163005352,1.4108773469924927,not_covid
0.4209778308868408,0.024292560294270515,1671.2342017407775,1485.7374005821955,3422.1343994140625,0.10569254557291667,-300.9565734863281,143.94557189941406,-54.14316940307617,47.79484939575195,-24.486600875854492,1.5476689338684082,5.646712779998779,-2.3815383911132812,14.178028106689453,-11.494805335998535,8.747675895690918,3.9461681842803955,-0.2944149374961853,6.495212078094482,2.3070154190063477,-0.02544403076171875,-0.7472745180130005,3.41910457611084,-4.157935619354248,-1.1864774227142334,not_covid
0.5353394746780396,0.009014267474412918,2994.0131759097635,2716.5695766298913,6185.711669921875,0.17595305266203703,-391.1524963378906,72.32978057861328,-3.936502695083618,13.910456657409668,1.6691187620162964,7.616291522979736,-1.5991348028182983,3.056699752807617,-2.5909078121185303,7.823422908782959,-4.783676624298096,10.791272163391113,3.246412515640259,0.281882107257843,-6.010851860046387,1.6576988697052002,-5.026041507720947,-0.6387263536453247,-3.868347644805908,1.3887205123901367,not_covid
0.36415743827819824,0.24119184911251068,3721.081420568344,2743.503119198834,7033.5316975911455,0.2119479709201389,-83.60228729248047,23.561206817626953,-15.941383361816406,2.7330689430236816,-19.417631149291992,-3.276445150375366,-8.282700538635254,2.1585874557495117,0.4509001076221466,8.609299659729004,0.1046973317861557,3.6715478897094727,1.4618891477584839,6.433755397796631,1.4990605115890503,2.4898488521575928,-1.929505467414856,2.3039937019348145,-2.016180992126465,3.415789842605591,not_covid
0.5143522620201111,0.037656016647815704,3528.6002489150032,2725.0450163208266,6565.3839111328125,0.23936179832175927,-389.8736267089844,41.664188385009766,-11.201460838317871,2.0305874347686768,-2.1728475093841553,-10.556922912597656,-14.81169319152832,-8.854799270629883,-16.417699813842773,2.129596710205078,-14.599781036376953,-7.344911575317383,-2.34801983833313,-1.0380929708480835,-3.036860704421997,3.8005483150482178,-1.5320236682891846,-0.17502933740615845,0.7652227878570557,0.0037364254239946604,not_covid
0.5601224899291992,0.012542004697024822,1622.1859628502189,1645.4141233121497,3247.077433268229,0.09349907769097222,-324.4752197265625,143.4011993408203,-43.71177673339844,28.58727264404297,-27.856237411499023,22.46619987487793,-20.051286697387695,10.850341796875,2.1574602127075195,-2.947770833969116,6.217752456665039,-3.1476237773895264,10.537178993225098,-9.30345344543457,6.03104305267334,-9.274829864501953,0.2445821762084961,2.8682849407196045,1.621205449104309,6.134157657623291,not_covid
0.39364945888519287,0.06855977326631546,1462.0248532625844,1094.752060059629,2604.8197428385415,0.10547553168402778,-297.4519348144531,132.06178283691406,-40.49881362915039,25.272361755371094,17.13310432434082,-34.511348724365234,-2.6483266353607178,-3.6118428707122803,-21.06378173828125,-3.3138766288757324,-9.527056694030762,-10.27773666381836,2.313673734664917,-4.534162521362305,-5.439601898193359,-1.2778162956237793,-7.576547145843506,-4.373743057250977,-3.71530818939209,-7.401836395263672,not_covid
0.4033300280570984,0.039929602295160294,2465.659506263706,1862.8531142324414,4560.1043701171875,0.16628237123842593,-319.95587158203125,69.43052673339844,-42.59910202026367,36.80095291137695,-0.6001427173614502,1.3405708074569702,-14.093216896057129,-8.591314315795898,-9.747275352478027,-2.089071273803711,-15.894217491149902,-1.1626911163330078,-3.6935651302337646,-5.133214950561523,3.866373062133789,-7.795719623565674,-1.7273316383361816,-5.603796005249023,-4.712421894073486,-8.459675788879395,not_covid
0.6853595972061157,0.0002333914744667709,4223.382935672206,3322.1625023766323,8234.456380208334,0.22531693070023148,-667.9893188476562,35.68928909301758,24.973751068115234,18.006479263305664,6.57752799987793,11.810502052307129,-1.3463637828826904,6.752987861633301,-3.650860071182251,1.5698504447937012,-3.522326946258545,-0.24228166043758392,-0.4313240647315979,0.5552082657814026,0.6827144026756287,2.00242018699646,0.6552372574806213,2.453742742538452,0.12014422565698624,2.982184410095215,not_covid
0.3616361618041992,0.13112272322177887,1475.391070381556,967.2798762881357,2490.7735188802085,0.11907280815972222,-170.28111267089844,169.36146545410156,-81.3690414428711,17.58921241760254,18.222244262695312,-39.09339904785156,-3.1467387676239014,-6.80842924118042,-20.16609001159668,-3.8963329792022705,-4.957211017608643,-11.749963760375977,-9.16677188873291,-0.8427652716636658,-5.457648754119873,-7.5216593742370605,0.9372009634971619,-3.430507183074951,-1.3184832334518433,1.779640793800354,not_covid
0.4253968596458435,0.010314828716218472,2885.853954636142,2777.369839944908,6011.5020751953125,0.1564398871527778,-457.7514343261719,64.38723754882812,4.163974761962891,5.001111030578613,-1.7641370296478271,-16.245512008666992,-16.52897071838379,-10.487957000732422,-11.371649742126465,-7.568050384521484,-7.983097553253174,-3.3309357166290283,-2.388261079788208,-1.7136210203170776,-5.227723121643066,-2.015554428100586,-3.3538453578948975,-0.7635152339935303,-3.863574743270874,-2.215367317199707,not_covid
0.5116408467292786,0.017034975811839104,3392.228262322314,2746.9225140108815,6717.960611979167,0.22966172960069445,-440.6480712890625,40.75405502319336,-13.589540481567383,-2.5340425968170166,-14.069134712219238,-16.70767593383789,-16.349931716918945,-5.968130111694336,-2.1876461505889893,0.08423593640327454,-11.700746536254883,-8.913220405578613,-4.275848388671875,-6.792172908782959,-0.18606369197368622,-1.8826836347579956,-13.997692108154297,-4.97675085067749,-2.8260324001312256,-4.413486480712891,not_covid
0.4188409447669983,0.009328645654022694,2230.1666748102175,1985.4963972052324,4126.898193359375,0.12444842303240741,-488.7658386230469,71.471435546875,-18.099811553955078,24.500429153442383,-7.326522350311279,-6.70797061920166,-8.016307830810547,-22.101499557495117,0.7343860268592834,2.5883984565734863,-7.675624847412109,-13.23516845703125,-4.368996620178223,-9.201233863830566,-8.620824813842773,-8.368412971496582,-8.555939674377441,-10.565360069274902,-4.781204700469971,-9.93576431274414,not_covid
0.41710832715034485,0.05584118887782097,3581.083849544803,2294.9607371694465,6001.6326904296875,0.2839830186631944,-242.97938537597656,39.978660583496094,-31.68504524230957,12.167521476745605,-55.77587890625,10.256237983703613,-37.98353576660156,-9.437141418457031,-14.756977081298828,-14.523322105407715,-17.936830520629883,-12.601696968078613,-13.793279647827148,-7.373660087585449,-12.895442008972168,-2.2121059894561768,-4.803406715393066,-7.34690523147583,5.769708633422852,-2.859114646911621,not_covid
0.2798207104206085,0.04144065082073212,2546.0530363573657,2109.7617471235167,4943.465169270833,0.14519133391203703,-310.6007080078125,37.619876861572266,-37.61901092529297,-21.719877243041992,-19.816911697387695,-0.3713075518608093,-10.935874938964844,1.1369154453277588,6.937353134155273,-7.3605875968933105,-0.17447341978549957,1.8893836736679077,-1.5074496269226074,4.282563209533691,-5.161272048950195,0.8625001311302185,3.217738389968872,-3.1161341667175293,-1.3657567501068115,-1.9767729043960571,not_covid
0.3033987283706665,0.17374257743358612,3012.438481540497,2554.015806224293,5985.233561197917,0.15453649450231483,-119.62769317626953,37.27332305908203,-44.425907135009766,-11.143271446228027,0.5346568822860718,-8.178102493286133,-32.76324462890625,-17.083078384399414,-10.837271690368652,-10.986263275146484,-17.479450225830078,-7.5311503410339355,-0.5326434969902039,-3.3129777908325195,-11.701427459716797,-10.077299118041992,-2.0941555500030518,-8.507790565490723,-0.2623787522315979,-4.368405818939209,not_covid
0.49054938554763794,0.188239187002182,2158.314424733068,2278.545080241223,4454.4321695963545,0.10672562210648148,-35.37940979003906,103.34156036376953,-16.67624855041504,23.059213638305664,-5.887246608734131,4.904930591583252,-1.5468648672103882,14.762273788452148,3.251880168914795,2.061715841293335,-3.326641798019409,8.375046730041504,8.04234790802002,6.997381210327148,0.8735587000846863,0.4362739324569702,-5.620790481567383,0.6596213579177856,-1.8024290800094604,4.480631351470947,not_covid
0.4112255573272705,0.11255910992622375,2383.37439405276,1932.9546136250283,4556.266276041667,0.14925130208333334,-164.37600708007812,99.34984588623047,-53.63924789428711,24.554847717285156,-48.022117614746094,6.180663585662842,-36.275264739990234,11.582999229431152,-24.428733825683594,0.6295779347419739,-7.36256217956543,-8.161250114440918,-3.578256368637085,-12.533533096313477,1.6364191770553589,-11.714149475097656,1.3576970100402832,-11.38437271118164,2.5818822383880615,-4.5810322761535645,not_covid
0.6065319776535034,0.022038470953702927,4161.706694000796,3000.8712534389965,7851.84326171875,0.31049488208912035,-448.0681457519531,20.9638671875,-3.5754528045654297,4.785506725311279,-8.218505859375,-6.2751336097717285,-16.30808448791504,-5.968770503997803,-10.177488327026367,0.6330517530441284,-2.5711655616760254,0.5537897944450378,-7.607125759124756,-2.526211977005005,-1.8801963329315186,2.5016582012176514,-4.254888534545898,0.22955915331840515,-2.588026762008667,-2.8137145042419434,not_covid
0.5794780850410461,0.0070020537823438644,3861.2318719770064,3103.7135178149806,7661.7828369140625,0.22602222583912038,-534.276611328125,40.974735260009766,12.526176452636719,13.568757057189941,-2.8325846195220947,10.316600799560547,-0.9180226922035217,-1.295305848121643,-7.543437957763672,3.9711318016052246,-6.025421619415283,-0.03945067897439003,-1.4438804388046265,-2.7067580223083496,-1.5998551845550537,-2.7120416164398193,-2.751694917678833,-0.0430007167160511,-3.409090280532837,1.5106309652328491,not_covid
0.29129353165626526,0.21254171431064606,2272.3220679704027,2276.242037909291,4712.78076171875,0.09926576967592593,-75.53831481933594,85.70503997802734,-17.67510986328125,14.357702255249023,-22.04280662536621,2.4681894779205322,-17.420259475708008,-1.4379090070724487,-21.82259178161621,-6.053585529327393,-7.250956058502197,-8.103260040283203,-6.825371742248535,-5.083894729614258,-5.986204147338867,-3.385171890258789,-10.408588409423828,-9.260724067687988,-7.879751205444336,-7.92553186416626,not_covid
0.3860061466693878,0.1389993578195572,1913.6451211986482,1789.1253899642868,3815.7633463541665,0.10954228153935185,-148.6466064453125,117.51689147949219,-45.431854248046875,25.1505126953125,-22.104759216308594,27.386642456054688,-28.707592010498047,-1.451236605644226,-15.225706100463867,-0.7292483448982239,-4.779956340789795,-7.332421779632568,-3.7584760189056396,-4.544369697570801,0.32331785559654236,-4.246959686279297,2.461974620819092,-3.767397880554199,7.121260643005371,-8.545722007751465,not_covid
0.4534394145011902,0.04635496810078621,3710.5944171453216,2761.508393950623,6920.4823811848955,0.26170744719328703,-304.9586486816406,31.201950073242188,-27.36750030517578,-2.8305141925811768,-9.375258445739746,-13.845026969909668,-14.455626487731934,-5.691365718841553,-10.302922248840332,1.097809076309204,-10.860301971435547,-6.985311031341553,-7.480903148651123,-4.1615376472473145,-5.911138534545898,-8.593482971191406,-4.5835137367248535,-2.485041856765747,-6.957806587219238,1.4204269647598267,not_covid
0.3462136387825012,0.037672072649002075,2123.384854463008,2190.7435183474877,4477.2613525390625,0.10198296440972222,-280.8994140625,81.52528381347656,-3.2084882259368896,9.379488945007324,-3.2428152561187744,3.338665723800659,-13.386956214904785,-4.207599639892578,-4.364734172821045,-5.228054046630859,-15.474699974060059,-0.02860090509057045,-8.066569328308105,-3.7237436771392822,-5.464504241943359,2.4451839923858643,-8.86351490020752,-2.8338091373443604,-1.2797080278396606,-2.5232481956481934,not_covid
0.338079571723938,0.06495586782693863,1880.365581601656,1374.3857194067386,3502.3356119791665,0.13547544126157407,-284.9749755859375,127.95252990722656,-90.14161682128906,26.435144424438477,-20.080114364624023,-3.691579818725586,29.117977142333984,-18.05109977722168,11.573036193847656,-4.162923336029053,-6.580486297607422,19.19942855834961,-7.579500198364258,14.675189018249512,6.519693374633789,-6.617177486419678,18.397804260253906,-2.8543291091918945,-5.859884738922119,4.283417701721191,not_covid
0.35208773612976074,0.0982370376586914,1762.4289731379006,1209.617102495022,2981.0028076171875,0.1333912037037037,-182.95176696777344,145.00119018554688,-93.66058349609375,30.316125869750977,-7.878344535827637,-1.2127680778503418,-8.80562973022461,-23.433128356933594,19.401432037353516,-15.505725860595703,1.7893805503845215,10.784482955932617,-6.280677318572998,9.670164108276367,-8.069665908813477,4.77919864654541,5.019218921661377,-6.128262996673584,7.390499591827393,-5.259906768798828,not_covid
0.39154520630836487,0.06697319447994232,1298.7356492944882,1275.0794944609547,2506.6243489583335,0.0669261791087963,-281.4853210449219,119.27882385253906,-18.099454879760742,7.992341995239258,-14.783577919006348,-14.543864250183105,-0.6521270871162415,-16.98685646057129,-7.73175048828125,-0.16957074403762817,-4.994668483734131,3.182326078414917,-5.313720703125,-6.589419364929199,0.617824137210846,0.5449609160423279,3.079817056655884,-0.9557920098304749,-6.336248397827148,-3.62123441696167,not_covid
0.33011722564697266,0.1293909251689911,2406.9045435899543,2072.160785389839,4513.798014322917,0.13670518663194445,-169.1425018310547,72.30895233154297,-47.988643646240234,-0.9778075218200684,-27.876537322998047,-18.05179214477539,-42.0731201171875,-0.9951561689376831,-20.04998016357422,-5.451482772827148,-15.091590881347656,-2.357408285140991,-12.431652069091797,12.224729537963867,-0.991769015789032,-1.7489713430404663,5.2846245765686035,7.605275630950928,0.6018490195274353,-2.26413893699646,not_covid
0.3357439339160919,0.13186079263687134,1317.3119642281192,906.6496293024708,2290.1957194010415,0.09471073857060185,-210.2818603515625,166.21653747558594,-77.92335510253906,-9.131025314331055,5.352753162384033,-43.28249740600586,-5.555255889892578,-3.357113838195801,-24.098838806152344,2.9826343059539795,-2.0655314922332764,-14.60525131225586,-1.9545319080352783,-5.15502405166626,-5.924782752990723,-1.3645318746566772,-6.104255199432373,-0.0818038135766983,-1.3282155990600586,-8.010947227478027,not_covid
0.4982586205005646,0.06071346253156662,1910.2615932444824,1432.3222489493276,3593.2037353515625,0.14231363932291666,-229.31814575195312,130.96331787109375,-64.92086029052734,47.610477447509766,-19.676206588745117,-7.472817897796631,11.755334854125977,-20.355270385742188,6.942889213562012,-10.576493263244629,-0.3915494978427887,-1.1198854446411133,-14.157757759094238,6.890665531158447,-8.334521293640137,-3.8924198150634766,-1.7713615894317627,-7.770443439483643,1.284981608390808,-7.8424458503723145,not_covid
0.3775021433830261,0.047872088849544525,4051.610922041029,2914.510718497469,7406.724039713542,0.3598678023726852,-284.3269348144531,34.67631912231445,-9.716487884521484,-4.54985237121582,-12.181495666503906,-12.727106094360352,-33.21583557128906,-9.579266548156738,-29.969566345214844,-0.33045583963394165,-23.497636795043945,-2.9826300144195557,-16.39740562438965,-0.5537436604499817,-11.362139701843262,-8.949785232543945,-9.037193298339844,-5.063435077667236,-8.562918663024902,-8.324725151062012,not_covid
0.3856390714645386,0.05630524829030037,2486.3987094068248,2531.4435126035887,5255.0486246744795,0.12242974175347222,-207.3055877685547,89.53614807128906,-3.8486242294311523,-4.747185707092285,-26.074037551879883,-4.843960285186768,-11.997491836547852,0.8167213201522827,-9.74673080444336,0.8279563188552856,0.5247864723205566,-8.730941772460938,-2.860102653503418,-2.038156747817993,-5.004179000854492,-6.295756816864014,-7.19510555267334,-1.567886471748352,-9.666278839111328,-4.593540668487549,not_covid
0.5706354379653931,0.011845046654343605,4208.910359031455,3173.5762854243617,8281.560262044271,0.30251510054976855,-373.30975341796875,33.906280517578125,-0.8897702097892761,-1.6823883056640625,-13.656411170959473,-15.948994636535645,-12.539935111999512,-12.096882820129395,-9.693352699279785,-8.959104537963867,-10.88350772857666,-8.159575462341309,-11.926518440246582,-7.054232120513916,-8.527950286865234,-8.092676162719727,-8.839920997619629,-6.515481472015381,-8.095341682434082,-2.270726203918457,not_covid
0.38650888204574585,0.07482587546110153,3184.3852425682458,2748.68357910111,6468.93310546875,0.18651439525462962,-166.65773010253906,51.517578125,-30.73643684387207,-7.714868068695068,3.6657183170318604,-18.66360855102539,-13.106949806213379,-15.867325782775879,-29.914777755737305,-5.027608394622803,-15.817072868347168,-7.419341087341309,-9.812325477600098,-7.229116916656494,-4.759588241577148,-3.1759328842163086,-16.93569564819336,-3.560870885848999,-13.425585746765137,-4.111077308654785,not_covid
0.4528738856315613,0.008742804639041424,3170.110721910593,2783.12429230561,6350.2512613932295,0.19575783058449073,-438.5770263671875,58.45850372314453,-15.639630317687988,-0.3369719982147217,-7.999992847442627,-7.9802727699279785,-12.196093559265137,-14.895391464233398,-11.710168838500977,-9.226286888122559,-12.909377098083496,-8.97139835357666,-7.795291423797607,-0.23352643847465515,-8.70368766784668,-3.491722345352173,-9.931315422058105,-3.0444912910461426,-4.962887287139893,-1.1015701293945312,not_covid
0.3968964219093323,0.0592515803873539,2730.5866380156076,2501.8962320823275,5478.0568440755205,0.14699300130208334,-211.63284301757812,73.72376251220703,-7.594504356384277,21.688047409057617,-3.209120512008667,2.8725178241729736,-13.984726905822754,-3.3474879264831543,-16.612773895263672,-6.329812526702881,-6.803487300872803,-3.5388200283050537,-4.945113658905029,-4.679275035858154,-8.720168113708496,-0.28630247712135315,-2.5961804389953613,0.1488826870918274,4.163921356201172,0.7848010659217834,not_covid
0.5132902264595032,0.025696588680148125,1806.7745411007952,2115.7467666019957,3839.6891276041665,0.07866075303819445,-418.1560974121094,104.40228271484375,1.2251712083816528,8.205592155456543,4.309853553771973,6.243981838226318,4.680748462677002,-4.120977401733398,-6.686079978942871,-4.5964131355285645,-4.256883144378662,1.5293604135513306,0.7515426874160767,-3.7596654891967773,-2.7448606491088867,-1.3609153032302856,0.5186314582824707,-0.8160975575447083,-2.7250185012817383,0.06353908032178879,not_covid
0.478098601102829,0.02275269478559494,3669.0398315054367,2586.5412200608753,6968.7327067057295,0.2830765335648148,-300.88165283203125,59.780548095703125,-45.97822570800781,13.009049415588379,-10.954609870910645,21.14622688293457,-50.513362884521484,53.565704345703125,-37.48274230957031,26.161779403686523,-9.455073356628418,7.195881366729736,1.9595885276794434,9.124371528625488,-2.9371836185455322,6.902163505554199,6.265902996063232,-3.833900213241577,16.918880462646484,-3.2040202617645264,not_covid
0.28011277318000793,0.04803173989057541,2397.088649461287,2240.9737145901154,4575.5564371744795,0.12508138020833334,-254.4326171875,68.21282196044922,-43.92333221435547,-2.7646710872650146,-13.833159446716309,-21.328357696533203,-33.736297607421875,-16.229799270629883,-23.801513671875,1.6260217428207397,-3.581808090209961,3.433563232421875,6.674902439117432,-4.631809234619141,-10.000890731811523,-14.77314567565918,-17.86028289794922,0.3964345157146454,-12.305700302124023,-8.164875984191895,not_covid
0.5346678495407104,0.020392457023262978,2771.225009378834,2512.9766941383964,5461.458333333333,0.17606834129050927,-375.1677551269531,85.06079864501953,-25.335954666137695,2.489844799041748,-2.1765363216400146,-5.15818452835083,-0.44128572940826416,3.170250177383423,2.9526498317718506,-2.251844644546509,-7.724794864654541,9.0015230178833,-3.1859118938446045,-4.3352813720703125,1.7832921743392944,-3.380039930343628,-5.542811870574951,4.651787757873535,1.4682282209396362,-3.246752977371216,not_covid
0.38185176253318787,0.03702246770262718,3113.8714171183324,2934.7008421784008,6919.635009765625,0.1623829029224537,-278.8822326660156,66.8061752319336,-5.815796852111816,4.20755672454834,4.395786285400391,-3.091125726699829,-16.060686111450195,-6.2901458740234375,-11.457890510559082,2.51094913482666,-6.257811546325684,-7.7957916259765625,-3.6824309825897217,6.759235382080078,-4.142916202545166,-0.9789867997169495,-2.7498977184295654,-3.1878106594085693,-7.078646183013916,-1.9769041538238525,not_covid
0.346473753452301,0.021884776651859283,2073.821960453193,2385.4914230839236,4595.9930419921875,0.08006230107060185,-405.166015625,95.86274719238281,-2.2051408290863037,11.514906883239746,-6.083184242248535,-0.44789746403694153,-15.47532844543457,-0.7803905010223389,9.827813148498535,-7.947091579437256,-15.900774955749512,-2.4389312267303467,-10.464595794677734,2.7295827865600586,5.673192977905273,0.8351214528083801,7.300435543060303,6.157777786254883,-5.106767654418945,1.7022753953933716,not_covid
0.25497889518737793,0.02824145182967186,2512.1719853188456,2512.5156771328266,5014.046223958333,0.12369791666666667,-346.4731140136719,73.39215087890625,-35.58580780029297,-12.20406723022461,-9.966778755187988,-21.947664260864258,4.263754844665527,-0.07453861832618713,-13.870064735412598,-17.381595611572266,-8.74406623840332,-17.428503036499023,-21.076461791992188,-9.94766902923584,-26.087907791137695,-6.359289169311523,-4.888728618621826,7.955049514770508,7.224288463592529,-1.155570149421692,not_covid
0.48300155997276306,0.03798859938979149,3611.856912755554,2641.5123114013295,6566.4306640625,0.2800948531539352,-248.76539611816406,51.95248031616211,-8.980010032653809,-3.9617583751678467,-22.937301635742188,11.84587287902832,-19.844343185424805,4.99634313583374,-25.74888038635254,5.2110443115234375,-5.936217784881592,-1.8354796171188354,-2.414903402328491,-1.2163643836975098,-1.8794150352478027,-2.2405712604522705,-6.528048992156982,-2.6257717609405518,-7.857101917266846,-7.011172294616699,not_covid
0.33218511939048767,0.01865479163825512,2710.290402157825,2296.9875855778964,5078.84521484375,0.15628842954282407,-328.6556701660156,62.877376556396484,-27.552858352661133,0.1961929202079773,-22.63020133972168,-10.738008499145508,-18.096309661865234,-15.584212303161621,-12.394298553466797,-3.6932079792022705,-18.551679611206055,-1.3392577171325684,-9.11760139465332,0.18064159154891968,3.7529122829437256,0.1115083321928978,-1.530442237854004,-0.7014490962028503,-5.247940540313721,3.953059434890747,not_covid
0.33345845341682434,0.02043100632727146,2577.023063542031,3067.020980735554,6707.1441650390625,0.08710847077546297,-452.8154602050781,52.56363296508789,22.705930709838867,16.191608428955078,22.229040145874023,10.087120056152344,5.520821571350098,3.265436887741089,-0.6453522443771362,-2.3420064449310303,-2.9926464557647705,-3.4168410301208496,-2.408689260482788,-0.8260398507118225,-2.9390032291412354,-0.022546838968992233,-6.371963024139404,-4.477344512939453,-6.301001071929932,-5.637694358825684,not_covid
0.27372509241104126,0.059597939252853394,1168.772736334109,1034.394921619238,2251.5157063802085,0.07380054615162036,-300.29888916015625,155.69766235351562,-30.781856536865234,24.69169807434082,0.8841992020606995,-39.14328384399414,10.474748611450195,9.620671272277832,3.6883466243743896,13.569571495056152,-12.365236282348633,-6.112690448760986,5.01020622253418,-10.403534889221191,4.442476749420166,12.158119201660156,-1.024104356765747,7.567546844482422,10.107604026794434,2.575719118118286,not_covid
0.32783856987953186,0.03498028963804245,1778.051585099672,2190.2998613705804,3688.408406575521,0.07056116174768519,-268.01995849609375,114.06505584716797,6.820194721221924,23.08363914489746,-9.022904396057129,-6.323212623596191,-12.018412590026855,-7.499209880828857,-19.628955841064453,-6.254411697387695,-7.529051780700684,-8.194026947021484,-6.517655372619629,-9.947609901428223,-8.746044158935547,-4.271425724029541,-6.415823936462402,-3.1530699729919434,-5.119213104248047,1.281667947769165,not_covid
0.4047732949256897,0.054612357169389725,2709.673740694637,2725.1258384938315,5825.130208333333,0.12796585648148148,-258.1453857421875,71.65726470947266,-3.957516670227051,-12.348033905029297,-13.551554679870605,-11.892742156982422,-3.7974162101745605,2.633864164352417,-4.447734832763672,-3.7735280990600586,-2.908785820007324,-2.0163650512695312,-11.182271003723145,-0.9541958570480347,1.5216346979141235,-2.6005005836486816,0.28973153233528137,4.20670223236084,1.0199638605117798,7.148423194885254,not_covid
0.3799899220466614,0.13757963478565216,2138.8586710038053,1596.7933292770354,3981.25,0.14260299117476852,-186.90802001953125,86.48184204101562,-74.22046661376953,12.009574890136719,-35.79856872558594,-12.659196853637695,-22.955434799194336,-19.580520629882812,-0.37735193967819214,-7.912038326263428,0.7253795266151428,-15.594184875488281,0.601119875907898,-3.1870696544647217,-4.603716850280762,3.7111072540283203,-9.477888107299805,8.725959777832031,-3.9244349002838135,4.162166595458984,not_covid
0.40022575855255127,0.009681683033704758,1950.3795874266289,2558.2826542419243,4327.0273844401045,0.06641981336805555,-370.69342041015625,107.97647094726562,14.474492073059082,14.355708122253418,10.632329940795898,6.384660720825195,6.599710941314697,-5.638965606689453,-14.816235542297363,-7.006484508514404,-6.600722789764404,-6.483051776885986,-10.782790184020996,-7.549515724182129,-10.677922248840332,-10.731293678283691,-14.023650169372559,-4.827316761016846,-9.005912780761719,-5.534092426300049,not_covid
0.521084189414978,0.001851476146839559,2221.7099833266907,2552.8370145974277,4863.911946614583,0.0965892650462963,-524.7020874023438,91.87930297851562,1.6616272926330566,24.46353530883789,11.430883407592773,14.352416038513184,4.717766761779785,2.7375261783599854,6.299651145935059,7.867252826690674,-6.0613532066345215,-3.222533702850342,-3.8631420135498047,-0.28825128078460693,-5.201394081115723,-4.459542751312256,-7.177362442016602,0.6224555373191833,-2.40893816947937,-0.00017438994836993515,not_covid
0.6077864170074463,0.018233992159366608,3539.7411067162834,2912.0192717490286,6968.682861328125,0.2135642722800926,-478.4444580078125,53.950504302978516,-6.9734416007995605,-1.1121803522109985,3.521284580230713,10.26419734954834,-6.921206951141357,9.441008567810059,-2.738515853881836,2.336735963821411,-1.6513807773590088,0.6941895484924316,0.05575144663453102,1.2246350049972534,-1.5648939609527588,-0.8135826587677002,1.6962803602218628,-8.386046409606934,0.7108778953552246,-1.2045594453811646,not_covid
0.5086585879325867,0.023505698889493942,2270.9266166113202,2636.5934146247423,5359.474690755208,0.07423457392939815,-339.4059753417969,99.93102264404297,-6.619384765625,6.1437296867370605,14.500274658203125,7.287847518920898,-1.6225320100784302,8.473908424377441,6.971039772033691,4.175868034362793,0.036116354167461395,4.455310821533203,3.598271131515503,9.094274520874023,-2.592747211456299,7.504488468170166,0.9141159057617188,2.6544651985168457,0.5487670302391052,1.7539769411087036,not_covid
0.5376214981079102,0.02506333775818348,3721.3494962024874,3008.069584491526,7477.3549397786455,0.2308892144097222,-391.8234558105469,36.59223175048828,-12.568242073059082,-4.605220794677734,-6.6942596435546875,-7.753698825836182,-4.70881462097168,2.1763055324554443,-5.33837890625,0.5673140287399292,-2.7902798652648926,-4.6133270263671875,-11.648442268371582,-9.09105396270752,-3.6552774906158447,-3.2927114963531494,-5.168003559112549,-6.714993000030518,-7.4235148429870605,-4.287328720092773,not_covid
0.48638471961021423,0.018476320430636406,3096.765037605657,1794.965761312256,4814.6148681640625,0.17811188874421297,-441.9386291503906,15.29815673828125,-11.29722785949707,118.97684478759766,-34.58570861816406,-1.5620591640472412,30.630592346191406,-0.15961520373821259,19.068796157836914,-7.742778778076172,9.095348358154297,10.017584800720215,3.9487216472625732,4.310308456420898,-1.3636503219604492,12.620484352111816,-0.9192643761634827,0.1778327077627182,5.778741836547852,0.7941177487373352,not_covid
0.377089262008667,0.04974685609340668,2505.273076724471,2148.8494216361173,4904.8350016276045,0.15639693648726852,-218.9237518310547,86.41498565673828,-46.65144729614258,2.150146245956421,-29.781864166259766,10.187264442443848,-20.106399536132812,8.843779563903809,-20.388315200805664,18.780410766601562,-8.26826000213623,7.324364185333252,-7.969751834869385,4.218873977661133,-3.569047212600708,1.0909119844436646,-7.489742755889893,2.444472312927246,-1.8302358388900757,3.652737617492676,not_covid
0.49994197487831116,0.007530697621405125,4014.9316100714345,2902.776984084587,7221.299235026042,0.28168854890046297,-388.74652099609375,44.280826568603516,17.79155158996582,7.38150691986084,-9.619611740112305,19.746732711791992,-17.944677352905273,9.317699432373047,-11.809642791748047,3.3985555171966553,2.549863576889038,3.400153636932373,0.515657901763916,0.17396672070026398,-0.14581148326396942,0.2651517391204834,-1.4696699380874634,1.3956085443496704,-3.9390344619750977,-1.3542641401290894,not_covid
0.6274076700210571,0.016457049176096916,779.601953684291,1557.6925800754334,1337.5010172526042,0.01989520037615741,-501.0585632324219,144.35313415527344,34.77797317504883,33.46791458129883,28.307748794555664,18.721845626831055,10.284249305725098,9.149049758911133,6.908205509185791,3.8075625896453857,1.9042924642562866,6.149030685424805,6.137913227081299,0.6698429584503174,1.344820499420166,2.597184896469116,-0.7448815107345581,0.44664114713668823,-1.8903149366378784,0.25826573371887207,not_covid
0.39917656779289246,0.1270890086889267,3400.7893924488,2619.3989197069836,6391.8223063151045,0.23223424840856483,-140.1115264892578,37.0323486328125,-37.771175384521484,-9.769293785095215,-12.370702743530273,-16.60823631286621,-24.974472045898438,-11.237357139587402,-15.854673385620117,3.564761161804199,-4.496128559112549,3.847435235977173,-1.9847872257232666,-0.9989572167396545,0.15628932416439056,-8.94493293762207,-7.46599817276001,3.789340019226074,-8.956676483154297,-1.275368332862854,not_covid
0.38152003288269043,0.10989301651716232,2531.1567950565955,2229.7276860293737,4985.036214192708,0.14222547743055555,-118.36112976074219,80.07904815673828,-45.422218322753906,14.40346622467041,-17.832597732543945,0.723312497138977,-28.178884506225586,4.2327752113342285,-20.172792434692383,5.46398401260376,-21.802780151367188,-9.936225891113281,-7.11539363861084,4.889647483825684,-6.28248929977417,1.2590309381484985,-12.516777992248535,5.143612384796143,-12.546117782592773,-2.1844611167907715,not_covid
0.4179213345050812,0.1664654016494751,1164.0648846183394,1016.1682443937483,2360.1786295572915,0.06781684027777778,-189.09478759765625,168.35623168945312,-48.814117431640625,19.812015533447266,27.286312103271484,-33.944820404052734,-5.6261067390441895,5.944245338439941,-20.635799407958984,-3.2800800800323486,-0.3749731481075287,-12.593146324157715,-2.6538503170013428,-2.4068005084991455,-7.861898422241211,-1.4192540645599365,-2.593228340148926,-3.8224217891693115,-0.28265565633773804,-2.006335973739624,not_covid
0.3937758803367615,0.03769275173544884,1508.5572069950965,1274.6720094861957,2878.570556640625,0.09217438874421297,-323.79498291015625,141.36236572265625,-54.596824645996094,3.6136181354522705,17.430593490600586,-33.40338134765625,-3.277985095977783,-7.4254841804504395,-32.86811447143555,-6.246053695678711,-7.853842735290527,-19.29152488708496,0.9820230007171631,-0.08610859513282776,-6.359765529632568,6.618000030517578,-4.924407482147217,-11.07416820526123,1.1470307111740112,-3.3027117252349854,not_covid
0.443132221698761,0.0628383681178093,2542.600964851744,2273.269210696988,4913.358561197917,0.16278076171875,-269.069580078125,79.81784057617188,-39.09803771972656,7.610517501831055,1.616613507270813,-25.780872344970703,-26.40140724182129,-3.0751068592071533,-16.435535430908203,-2.640014886856079,-10.897516250610352,-2.037057876586914,-13.440751075744629,-2.129244804382324,-13.93337631225586,1.1974884271621704,-4.176802635192871,2.834162473678589,2.3856685161590576,11.461472511291504,not_covid
0.41057220101356506,0.04429240524768829,3909.2846207461207,2563.7346650234067,6912.9058837890625,0.29124394169560186,-216.49375915527344,31.412710189819336,-21.301057815551758,8.729433059692383,-16.858821868896484,-7.073746681213379,-28.83480453491211,16.376319885253906,-22.830656051635742,1.2348390817642212,-1.7712368965148926,3.1903531551361084,-3.483708143234253,3.495147466659546,3.3529443740844727,-0.6730265021324158,1.6700230836868286,6.576406955718994,-1.4463903903961182,4.999173641204834,not_covid
0.49400222301483154,0.005090700462460518,1601.5177543097914,2301.4265124414133,3662.6383463541665,0.04781539351851852,-543.9393310546875,119.11505126953125,23.888490676879883,23.672983169555664,8.677971839904785,10.826440811157227,1.7043160200119019,7.778721332550049,1.6772664785385132,3.683809280395508,-2.659654378890991,-1.2476948499679565,-2.6406006813049316,1.630949854850769,0.660485565662384,1.6167480945587158,-2.4730584621429443,0.665919840335846,-5.39794397354126,-1.2999746799468994,not_covid
0.4004598557949066,0.05210714787244797,2664.4292651308556,2563.5186734089384,5518.4315999348955,0.12151421440972222,-290.96148681640625,85.46466064453125,-10.990860939025879,10.985048294067383,1.2313820123672485,9.796388626098633,0.3214189112186432,-7.221658229827881,-2.823822021484375,2.9794504642486572,-8.841148376464844,-4.628566265106201,-7.416303634643555,-4.506892681121826,-7.480810165405273,-4.860177516937256,-6.334511756896973,-5.0113444328308105,-8.423483848571777,-0.8457058668136597,not_covid
0.7045034766197205,0.058539919555187225,3090.0631435843507,2740.902775784544,6531.0902913411455,0.1790771484375,-75.81758117675781,68.87596130371094,-11.661060333251953,17.179529190063477,-4.759245872497559,2.042297840118408,-8.55173110961914,5.363237380981445,-4.751859188079834,5.720987796783447,-6.8632988929748535,0.6880795359611511,-7.519140720367432,0.6089909076690674,-6.631441116333008,0.6584465503692627,-4.130285739898682,0.7206727266311646,-4.663276672363281,-0.6498110294342041,not_covid
0.4244273602962494,0.04415122792124748,3174.1700832338215,2482.889460092685,5768.206787109375,0.2217429832175926,-264.2928466796875,58.73036193847656,-7.444155216217041,15.067248344421387,-24.53856086730957,-7.750995635986328,-29.141836166381836,1.8174874782562256,-19.107419967651367,-9.14432144165039,-3.356297016143799,-0.6348915100097656,0.6779839992523193,-3.650386333465576,-6.033736705780029,1.2098162174224854,-14.924579620361328,-11.188300132751465,-8.857522010803223,-5.092669486999512,not_covid
0.434341698884964,0.10398103296756744,3006.7235943501037,2270.1817745016224,5384.0484619140625,0.22538474754050927,-113.81932067871094,61.58841323852539,-50.12578582763672,13.727832794189453,-3.8529956340789795,-16.066572189331055,-11.129876136779785,6.12721061706543,-32.13450241088867,14.280121803283691,-8.903727531433105,1.91910982131958,-8.434349060058594,2.800292730331421,-6.146793842315674,-4.173276424407959,-7.066525936126709,-0.9816586375236511,0.550399661064148,-1.24538254737854,not_covid
